"N","qN","R","qR","phiN","Chi","Gamma","Mu","Sigc","taninv","K","sigK","M","sigM","error"
0.07513452136934957,0.06975648045953646,0.4650580834881694,0.23785155107934952,0.14013699366926174,0.4325580420353783,1,1.,0.99498743710662,1,0.5,0.1,1,0.1,2.9809034982001275e-23
0.32403155197899614,0.43999821420139323,0.7552690103988274,0.717875702386521,0.38656668719892806,0.5704312780688241,1,1.,0.99498743710662,1,1.,0.1,1,0.1,5.602424280534784e-23
0.5157931667638068,0.8427090278730187,0.9895809223117658,1.3392012850979804,0.4964036559461263,0.6528469345356034,1,1.,0.99498743710662,1,1.5,0.1,1,0.1,3.0106665637008947e-23
0.6611604157370323,1.214174721471817,1.203977641805671,2.0846231426546873,0.5563198284975617,0.7247810809839721,1,1.,0.99498743710662,1,2.,0.1,1,0.1,2.8689011093644277e-22
0.18565587607464012,0.1784208543005321,0.36461439145135416,0.16298415777941122,0.3185539691514341,0.26588730890688267,1,2.,1.4,1,0.5,0.1,1,0.1,2.461428061955305e-22
0.49039237289352156,0.7476039905066479,0.5048504145273297,0.3526098802515466,0.5046218352402017,0.2548739410484166,1,2.,1.4,1,1.,0.1,1,0.1,9.259234404707433e-24
0.7463290886075801,1.4775351270155175,0.601767227336331,0.5325149891143659,0.578586015405848,0.2414158639307037,1,2.,1.4,1,1.5,0.1,1,0.1,7.883221882877914e-23
0.9729770439182398,2.315859845063618,0.6788972062591809,0.7031132740859591,0.6193159287536425,0.23045070833326045,1,2.,1.4,1,2.,0.1,1,0.1,2.458070122824506e-20
0.256773686688961,0.27211141976872466,0.28243464492317,0.10311458296351578,0.39195694468804243,0.15953865730575423,1,3.,1.705872210923198,1,0.5,0.1,1,0.1,2.4111174397553037e-21
0.6187810390464435,1.1300672855341936,0.350097995580277,0.17319757315858136,0.5279631696021374,0.12256860650932766,1,3.,1.705872210923198,1,1.,0.1,1,0.1,1.5784734252796046e-22
0.9558655830901003,2.4165417462617493,0.3878377445329596,0.22180058549513007,0.5800298511123637,0.1002787440562755,1,3.,1.705872210923198,1,1.5,0.1,1,0.1,3.113386919541894e-20
1.2805322909468009,4.100292925073598,0.41308684975803595,0.2579260544577337,0.6080916864060419,0.08532037272150908,1,3.,1.705872210923198,1,2.,0.1,1,0.1,3.4871049167445195e-19
0.30862655451051885,0.3650421047357574,0.22376308285152646,0.06612956109579873,0.4190680134808815,0.1001398344944382,1,4.,1.9595917942265424,1,0.5,0.1,1,0.1,7.141201451687239e-21
0.7195648042722119,1.5530774620305683,0.2578476434978046,0.0935121795524778,0.5206040158748426,0.06648540725737094,1,4.,1.9595917942265424,1,1.,0.1,1,0.1,1.4183707513638112e-21
1.1192650839448968,3.4668481143693763,0.2738695409654447,0.10862363734703605,0.5580763268594896,0.05000301697908227,1,4.,1.9595917942265424,1,1.5,0.1,1,0.1,1.0309521144635252e-20
1.514243476087479,6.092608124950005,0.2834075946868956,0.11825358441122363,0.5777560971539613,0.04015993236310584,1,4.,1.9595917942265424,1,2.,0.1,1,0.1,3.5662346202167856e-19
0.34839058326484296,0.4574995573287222,0.18235178183522058,0.04419360772743359,0.42537365100081614,0.06650434467695976,1,5.,2.179449471770337,1,0.5,0.1,1,0.1,1.5156348328576626e-20
0.7958093278587488,1.975184317045478,0.20084166155588487,0.056006437513618,0.5031954668700256,0.0403373730165286,1,5.,2.179449471770337,1,1.,0.1,1,0.1,2.5217432895542857e-20
1.238044062535614,4.492033077707301,0.20861669528472482,0.061676169525807636,0.5311948982876983,0.029013950367679828,1,5.,2.179449471770337,1,1.5,0.1,1,0.1,1.2298064801338571e-20
1.67832198289397,8.001875089806356,0.21295603397225413,0.06500637602772191,0.5456724599247299,0.022675136202595928,1,5.,2.179449471770337,1,2.,0.1,1,0.1,4.787467144708376e-21
0.37951119920945386,0.5478039078326821,0.15257544939075632,0.030907786261156374,0.4219408477420993,0.046558535513582494,1,6.,2.3748684174075834,1,0.5,0.1,1,0.1,2.4861896107478524e-20
0.8532907173380195,2.3780838917314417,0.16340551995641114,0.03653091546126016,0.48321033729664903,0.026701363952225082,1,6.,2.3748684174075834,1,1.,0.1,1,0.1,9.52034707626947e-20
1.3244830317348337,5.44964174034348,0.16765587000956234,0.03902635316048151,0.5049359341331257,0.018738993832442173,1,6.,2.3748684174075834,1,1.5,0.1,1,0.1,1.6083692311315301e-19
1.7947505125334575,9.75928313016427,0.16994514826737084,0.04043171252216938,0.5160803736457782,0.014440676709809327,1,6.,2.3748684174075834,1,2.,0.1,1,0.1,7.22849889637639e-19
0.4042422552961997,0.6349403934242481,0.13055867301201313,0.0225313217221519,0.41391235909011787,0.034091134197315534,1,6.999999999999999,2.5514701644346145,1,0.5,0.1,1,0.1,2.9987289954225104e-20
0.8972669195841304,2.7574900754949496,0.13734625321698946,0.02544059356346905,0.4633282205561379,0.01886399327274539,1,6.999999999999999,2.5514701644346145,1,1.,0.1,1,0.1,1.97422448226471e-19
1.3888708763984858,6.337168135187581,0.1398980181807018,0.026681719192263323,0.48072696423738226,0.013047636993925317,1,6.999999999999999,2.5514701644346145,1,1.5,0.1,1,0.1,1.3597854372141026e-18
1.8799775068690368,11.372021160812617,0.14124450841939126,0.027366110543548837,0.4896190044615341,0.009975005579317743,1,6.999999999999999,2.5514701644346145,1,2.,0.1,1,0.1,8.745319129197202e-18
0.4241922047457912,0.718619609875591,0.1138035089717449,0.017017908089695114,0.4037870161346256,0.025902477308564046,1,7.999999999999999,2.7129319932501073,1,0.5,0.1,1,0.1,2.680637116107802e-20
0.9315927931028967,3.1146423147218183,0.1183048008806803,0.018626494119792184,0.44446578949783205,0.013996025911417414,1,7.999999999999999,2.7129319932501073,1,1.,0.1,1,0.1,2.7560786721375654e-19
1.4381324795896184,7.1634195014973185,0.11995144522185726,0.01930336831423386,0.45875555114728256,0.00959223280720815,1,7.999999999999999,2.7129319932501073,1,1.5,0.1,1,0.1,2.954229818151593e-18
1.9443717749927294,12.863566333933447,0.1208096114101481,0.019673244379775898,0.46604915866325414,0.007297481104535491,1,7.999999999999999,2.7129319932501073,1,2.,0.1,1,0.1,1.9299259539372603e-17
0.440523653296161,0.7989708717230414,0.10071075853105385,0.013241003248447665,0.3928193233589784,0.020285313767800472,1,9.,2.8618176042508368,1,0.5,0.1,1,0.1,1.2461640206623019e-20
0.958932836522453,3.452434951180956,0.10383789502929933,0.01417738285273904,0.42687838034529535,0.010782308444115788,1,9.,2.8618176042508368,1,1.,0.1,1,0.1,2.7665310926916465e-19
1.476768639090404,7.938893961371513,0.1049617684497301,0.014573342364210477,0.4388526960214476,0.007344648557396503,1,9.,2.8618176042508368,1,1.5,0.1,1,0.1,3.8750047134842775e-18
1.9944038077062174,14.257248708167856,0.10554293405199182,0.014789391422648459,0.4449651058749525,0.005569655464151547,1,9.,2.8618176042508368,1,2.,0.1,1,0.1,2.5563921361732976e-17
0.4540803762380545,0.8763128594404865,0.09023961530541204,0.01056086245212504,0.3816525253514295,0.016286376340937506,1,10.,3.,1,0.5,0.1,1,0.1,8.218457771160923e-23
0.9811176363118315,3.7739651557698926,0.09249687234882603,0.011127499811844849,0.41057104279937423,0.008555671394315019,1,10.,3.,1,1.,0.1,1,0.1,1.7309198302887666e-19
1.5077391159227154,8.673076057834717,0.09329871899889171,0.011372007100141907,0.42076819173163216,0.005803100644556104,1,10.,3.,1,1.5,0.1,1,0.1,3.2043782947132508e-18
2.0342148929972996,15.572701347000478,0.09371127558721101,0.011505935163850414,0.4259785719484822,0.004390901586091105,1,10.,3.,1,2.,0.1,1,0.1,2.2551585110519464e-17
0.4654794785899395,0.9510273033716584,0.08169568525728793,0.008600098002476585,0.3706181107548118,0.013348369979315707,1,10.999999999999998,3.128897569432403,1,0.5,0.1,1,0.1,2.1994198098570445e-20
0.9994207246032853,4.082057320131711,0.08337760704669918,0.008952686998410243,0.39545810510104434,0.006951825356833781,1,10.999999999999998,3.128897569432403,1,1.,0.1,1,0.1,3.51585177633856e-20
1.5330380885806711,9.373910925585351,0.08397048751701476,0.009110192768887077,0.4042565546296558,0.0047006951825634205,1,10.999999999999998,3.128897569432403,1,1.5,0.1,1,0.1,1.2835603129389942e-18
2.0665423194185975,16.82573284111233,0.08427451990242787,0.009197167045965933,0.40875938353667174,0.003551097352392356,1,10.999999999999998,3.128897569432403,1,2.,0.1,1,0.1,1.076455958812011e-17
0.4751773629690929,1.0234979246708178,0.07460316685520507,0.007127440810598525,0.35988349229769345,0.011131265009651135,1,12.,3.249615361854384,1,0.5,0.1,1,0.1,1.4216662335568129e-19
1.014744774630238,4.379150374103715,0.07589016913184642,0.00735080675312631,0.3814269544638059,0.005759317770860253,1,12.,3.249615361854384,1,1.,0.1,1,0.1,4.3350659814586216e-20
1.554045153759693,10.047908174753704,0.07634154289025921,0.007455705870008359,0.3891011898270331,0.003885354113910191,1,12.,3.249615361854384,1,1.5,0.1,1,0.1,1.3990623902837997e-20
2.0932530265132225,18.028968702996675,0.0765725035042562,0.007514318972373787,0.39303660849743094,0.0029316741464546644,1,12.,3.249615361854384,1,2.,0.1,1,0.1,1.2656554883192105e-19
0.4835160007900913,1.0940841695852526,0.06862751009169102,0.005996033432274048,0.3495276544808812,0.009419470282770305,1,13.,3.3630343441600474,1,0.5,0.1,1,0.1,1.2743554590615357e-19
1.0277424806364275,4.667311064323027,0.06963472011657551,0.006138658243681059,0.36836357520168583,0.004848994245713807,1,13.,3.3630343441600474,1,1.,0.1,1,0.1,6.049159267334314e-19
1.571739135454082,10.700388656160222,0.06998681386543433,0.006210383638082887,0.375118038741319,0.0032654360766899678,1,13.,3.3630343441600474,1,1.5,0.1,1,0.1,4.322472935822958e-18
2.115657136126694,19.192545451574542,0.07016671633288227,0.006251082453646232,0.3785899464609094,0.0024616840404695834,1,13.,3.3630343441600474,1,2.,0.1,1,0.1,1.8535798295431396e-17
0.4907551282199083,1.1631121456624123,0.063527785911646,0.005109563855249731,0.33958123140907504,0.008071559165671854,1,14.000000000000002,3.4698703145794947,1,0.5,0.1,1,0.1,3.8616593032227353e-19
1.0388949941031205,4.948284442660373,0.06433131174187678,0.005200303601296245,0.3561622490455603,0.0041385176704305335,1,14.000000000000002,3.4698703145794947,1,1.,0.1,1,0.1,2.445222176570966e-18
1.5868307120754148,11.335728237785625,0.06461164319035731,0.005250368316315511,0.3621527394150488,0.0027831096238386975,1,14.000000000000002,3.4698703145794947,1,1.5,0.1,1,0.1,2.26811158609129e-17
2.1346975703618205,20.324689478818563,0.06475474822178866,0.005279324997633094,0.36524004604546567,0.0020965887086336205,1,14.000000000000002,3.4698703145794947,1,2.,0.1,1,0.1,1.1515551526472545e-16
0.49709468443558147,1.2308736040863033,0.05912667349076176,0.004403017647297891,0.3300483561076746,0.006991927036166301,1,15.,3.570714214271425,1,0.5,0.1,1,0.1,4.1898168332622653e-20
1.048563456383901,5.223549444218768,0.05977839487002793,0.004459649100882289,0.344728574098767,0.003573456493236982,1,15.,3.570714214271425,1,1.,0.1,1,0.1,1.3453218681353979e-18
1.5998466782922405,11.957561878817563,0.060005520089289055,0.0044951519436883984,0.3500761937988278,0.0024004416274573817,1,15.,3.570714214271425,1,1.5,0.1,1,0.1,4.67916403318599e-18
2.151068282350516,21.432164933532047,0.06012140151933922,0.004516169514051577,0.3528400782088612,0.0018072914603248025,1,15.,3.570714214271425,1,2.,0.1,1,0.1,3.6644645308162075e-16
0.5026905679613249,1.2976283841853615,0.055291085470022185,0.0038313619735714033,0.32091884274563925,0.006114208264906597,1,16.,3.666060555964672,1,0.5,0.1,1,0.1,2.5599889459787985e-19
1.057023445471908,5.494368912164198,0.05582732568289772,0.00386516306050388,0.3339796893984487,0.0031166902929043315,1,16.,3.666060555964672,1,1.,0.1,1,0.1,8.692326179048198e-19
1.6111848309788879,12.56894493952151,0.05601413017836127,0.003890632284908346,0.33878020478307264,0.002091721853092268,1,16.,3.666060555964672,1,1.5,0.1,1,0.1,1.4885379278686666e-17
2.1652901493715717,22.520612161355405,0.05610941409147569,0.003906138984811365,0.341268957213721,0.0015741331748443455,1,16.,3.666060555964672,1,2.,0.1,1,0.1,4.8822484117650024e-17
0.507665815819013,1.363608127956186,0.05191936080262995,0.0033626792998752647,0.3121750964672535,0.005391240052307336,1,17.,3.7563279941985894,1,0.5,0.1,1,0.1,4.718074989250446e-18
1.0644884314713914,5.761831535454888,0.05236615602803447,0.003380987052515584,0.3238434033543926,0.002742214297152451,1,17.,3.7563279941985894,1,1.,0.1,1,0.1,2.7345736480955023e-18
1.6211505699052517,13.172478539105182,0.052521818136076384,0.003399396679051073,0.3281736989289206,0.001839027586879388,1,17.,3.7563279941985894,1,1.5,0.1,1,0.1,3.606343244202884e-17
2.1777610351002044,23.594801384635794,0.05260121199539818,0.003410990908473836,0.33042602379700975,0.001383443751692411,1,17.,3.7563279941985894,1,2.,0.1,1,0.1,1.4713994294803362e-16
0.5121186314455092,1.429020227926837,0.04893260679074294,0.0029738782886951976,0.30379606885178045,0.004788800014674924,1,18.,3.8418745424597094,1,0.5,0.1,1,0.1,4.675122264006504e-18
1.0711260464135963,6.02688597214768,0.049309011044876054,0.0029815697490625857,0.3142569672479022,0.0024313785702237086,1,18.,3.8418745424597094,1,1.,0.1,1,0.1,2.848940831080771e-18
1.6299818689027354,13.770406094057128,0.04944021540198999,0.002994922950025891,0.3181795953172406,0.001629556599330112,1,18.,3.8418745424597094,1,1.5,0.1,1,0.1,7.835115428014078e-17
2.1887895794022283,24.658825512010395,0.049507141027666006,0.0030036850531862257,0.3202269466126429,0.0012254785063666057,1,18.,3.8418745424597094,1,2.,0.1,1,0.1,1.4683226926254822e-16
0.5161282240080467,1.4940515317786238,0.04626872246762329,0.0026479426184607465,0.2957595181542729,0.004281589357571896,1,19.,3.9230090491866063,1,0.5,0.1,1,0.1,9.346144572369706e-18
1.077069570440646,6.290368256425897,0.0465889398943076,0.0026483198399511964,0.3051658149836263,0.0021705293204754067,1,19.,3.9230090491866063,1,1.,0.1,1,0.1,5.020168857294204e-18
1.6378666533638875,14.364688176459174,0.04670065127078866,0.0026579958875029837,0.3087322743687881,0.0014539672194105427,1,19.,3.9230090491866063,1,1.5,0.1,1,0.1,2.0144917857848527e-17
2.198618569429923,25.716245552739746,0.04675764617744096,0.0026646730493726026,0.31060052061525173,0.0010931387380273795,1,19.,3.9230090491866063,1,2.,0.1,1,0.1,8.979142103560966e-17
0.5197591042924041,1.5588716826927227,0.04387819310241304,0.0023721233101755388,0.28804329663406386,0.0038505916598652943,1,20.,4.,1,0.5,0.1,1,0.1,2.2834960876305656e-17
1.0824261762140626,6.553023772371868,0.04415298855697636,0.0023674572403582506,0.2965223988972814,0.0019494863985124852,1,20.,4.,1,1.,0.1,1,0.1,5.497108556704272e-17
1.644955133888589,14.957060483007085,0.04424895886650049,0.0023744243020290003,0.2997755349707205,0.0013053135738461683,1,20.,4.,1,1.5,0.1,1,0.1,5.128841912886167e-16
2.20744139529155,26.770202683278058,0.044297938457483164,0.0023795438590250542,0.30148618165116875,0.000981153675791483,1,20.,4.,1,2.,0.1,1,0.1,2.3703838996510274e-15
0.5230642869310272,1.6236360328287522,0.04172107781681617,0.002136724615549945,0.2806260557880149,0.0034812966683936608,1,21.,4.07308237088326,1,0.5,0.1,1,0.1,3.231713404684424e-17
1.0872829320305673,6.815525106798867,0.04195873165517725,0.002128597817004435,0.28828517394054415,0.0017605351621111734,1,21.,4.07308237088326,1,1.,0.1,1,0.1,3.0953437596740885e-18
1.6513686821562035,15.549080330083031,0.042041840665924216,0.002133547154363543,0.29126097654403804,0.001178344244385973,1,21.,4.07308237088326,1,1.5,0.1,1,0.1,8.027271613648921e-16
2.215413823101731,27.823507317895185,0.04208427392738745,0.002137488033379724,0.29283208203169175,0.0008855430559976915,1,21.,4.07308237088326,1,2.,0.1,1,0.1,6.124385577564841e-16
0.5260877046662501,1.688488131363123,0.03976481655112866,0.0019342721370422668,0.2734876078090695,0.003162481270689831,1,22.,4.142463035441596,1,0.5,0.1,1,0.1,5.735764855487708e-17
1.091711254244897,7.078486034588052,0.039971783768522826,0.0019237995226693884,0.28041770370600966,0.0015977434976375447,1,22.,4.142463035441596,1,1.,0.1,1,0.1,9.661236893435499e-17
1.6572063677263864,16.142162121221997,0.040044272851979715,0.0019272321659927196,0.28314666520849907,0.0010690291921625333,1,22.,4.142463035441596,1,1.5,0.1,1,0.1,2.407897385195121e-15
2.222662662668083,28.8787040557645,0.04008130205243599,0.0019302709582057808,0.28459350978866627,0.0008032553871093048,1,22.,4.142463035441596,1,2.,0.1,1,0.1,5.3406042895188825e-15
0.5288660459708687,1.7535618901607855,0.03798260972454007,0.0017589324016884513,0.2666090911234371,0.002885357282973451,1,23.,4.208325082500163,1,0.5,0.1,1,0.1,5.761994597954087e-17
1.0957702217168488,7.342473592719249,0.03816398400712139,0.001746906342192283,0.2728879337584469,0.0014564896752958171,1,23.,4.208325082500163,1,1.,0.1,1,0.1,3.016715746015138e-16
1.662549782938258,16.73760738316995,0.03822761972821022,0.0017491903150594931,0.2753960906543661,0.0009742339400564313,1,23.,4.208325082500163,1,1.5,0.1,1,0.1,3.2389619562142768e-15
2.2292920629128585,29.938130948555777,0.03826014482379124,0.0017515318613719913,0.27673172082625586,0.0007319193409687397,1,23.,4.208325082500163,1,2.,0.1,1,0.1,9.45184728920315e-15
0.5314301726222586,1.8189834031078718,0.03635220420894743,0.001606101034688257,0.2599730083943993,0.0026429655016980296,1,24.,4.2708313008125245,1,0.5,0.1,1,0.1,8.473492341467442e-17
1.0995091069567315,7.608017440222504,0.03651204979086523,0.0015930884032635817,0.2656675514694341,0.0013331297799306222,1,24.,4.2708313008125245,1,1.,0.1,1,0.1,4.744400117752653e-16
1.6674667035862023,17.33662777104685,0.03656824042394832,0.0015944972483692232,0.26797729221528765,0.0008914908051357919,1,24.,4.2708313008125245,1,1.5,0.1,1,0.1,3.176765164965567e-15
2.2353883396450693,31.003960496903677,0.036596978598383824,0.0015962951876629533,0.269212923518729,0.0006696694212652817,1,24.,4.2708313008125245,1,2.,0.1,1,0.1,8.335437517351668e-15
0.5338062188593453,1.884872550163734,0.03485497253717028,0.0014721061130596625,0.25356320562975276,0.0024297382211337887,1,25.,4.330127018922194,1,0.5,0.1,1,0.1,1.548749433020614e-16
1.1029693075128086,7.875617969722907,0.034996565294516224,0.001458514254804094,0.2587314623307998,0.0012247595824133374,1,25.,4.330127018922194,1,1.,0.1,1,0.1,6.859589724320302e-17
1.6720138651785128,17.940364731093464,0.035046445137138976,0.001459253434088333,0.26086216001212736,0.0008188355445003283,1,25.,4.330127018922194,1,1.5,0.1,1,0.1,3.841813116555311e-15
2.2410235941548695,32.07823615437173,0.0350719739177623,0.0014606243288787955,0.26200749571522625,0.0006150216772440996,1,25.,4.330127018922194,1,2.,0.1,1,0.1,6.653543638002344e-15
0.5360164549397759,1.9513443941953763,0.03347520610303892,0.0013539914335371076,0.24736480955121332,0.0022411788472818683,1,26.,4.386342439892261,1,0.5,0.1,1,0.1,1.6427481070270633e-16
1.1061858555657236,8.145752580548498,0.033601210872649244,0.0013401136195379227,0.2520573297088837,0.001129041372108242,1,26.,4.386342439892261,1,1.,0.1,1,0.1,6.266972374137049e-16
1.6762390996172538,18.54990601972425,0.0336457025856992,0.0013403389531363118,0.2540258643499339,0.0007546888683235505,1,26.,4.386342439892261,1,1.5,0.1,1,0.1,3.2695645728682953e-15
2.246258503506689,33.162901807399486,0.03366849132938392,0.0013413721353682032,0.2550893401382114,0.0005667836541984,1,26.,4.386342439892261,1,2.,0.1,1,0.1,2.3077439713496708e-14
0.5380799723317181,2.0185103262335113,0.03219956672615948,0.001249356096754033,0.24136414035974924,0.0020736241947047936,1,27.,4.439594576084623,1,0.5,0.1,1,0.1,2.4307409227707903e-16
1.1091885715655703,8.418882273526084,0.03231217027352044,0.0012354033697690053,0.24562522940039694,0.0010440763477849776,1,27.,4.439594576084623,1,1.,0.1,1,0.1,1.2875191151495643e-15
1.6801830166644292,19.16629849139226,0.03235203050174357,0.001235233960020492,0.24744636668151648,0.0006977692517238307,1,27.,4.439594576084623,1,1.5,0.1,1,0.1,9.39669997841383e-15
2.251144443388124,34.259830835403314,0.03237246464398032,0.0012359986188966222,0.24843538980816238,0.0005239882335628779,1,27.,4.439594576084623,1,2.,0.1,1,0.1,1.4762496386592605e-14
0.5400132265443259,2.0864791917788157,0.031016657145822808,0.0011562343914125557,0.2355486292422581,0.0019240660410030422,1,28.000000000000004,4.48998886412873,1,0.5,0.1,1,0.1,3.351153333124333e-16
1.1120030063646278,8.695455918327056,0.03111766805359773,0.001142358007250813,0.2394173094088239,0.0009683092650938969,1,28.000000000000004,4.48998886412873,1,1.,0.1,1,0.1,1.2151880148281832e-15
1.6838802902409877,19.790561602053717,0.031153522650342415,0.0011418856055545514,0.24110405013787323,0.000647027982350265,1,28.000000000000004,4.48998886412873,1,1.5,0.1,1,0.1,1.3350379290268767e-14
2.255725271678754,35.37083926224784,0.031171920375606753,0.0011424356755376185,0.24202510834505014,0.0004858443099515838,1,28.000000000000004,4.48998886412873,1,2.,0.1,1,0.1,4.748790295053746e-14
0.5418304758954547,2.1553582334231396,0.029916681203443436,0.00107300480626874,0.22990672634273324,0.0017900156284569315,1,29.000000000000004,4.537620521815371,1,0.5,0.1,1,0.1,2.211539414393163e-16
1.1146511778278771,8.975914633294014,0.030007606186672774,0.00105931227663975,0.2334175232884096,0.0009004564290544421,1,29.000000000000004,4.537620521815371,1,1.,0.1,1,0.1,1.5555267229408258e-15
1.6873607230647218,20.42369583009112,0.030039976618783465,0.0010586080140495716,0.2349813651050487,0.0006016001301713715,1,29.000000000000004,4.537620521815371,1,1.5,0.1,1,0.1,1.4343018326376995e-14
2.2600385721146403,36.49771391653446,0.03005660323030328,0.0010589859458686698,0.2358402053505783,0.0004516996988719388,1,29.000000000000004,4.537620521815371,1,2.,0.1,1,0.1,9.73226093242564e-14
0.5435441394237278,2.2252538508009345,0.028891172655801472,0.0009983203962294666,0.22442780376244087,0.0016693997148546614,1,30.000000000000004,4.58257569495584,1,0.5,0.1,1,0.1,4.3318073569353085e-16
1.1171521567672744,9.260695944053122,0.02897327573459305,0.0009848870971361176,0.22761141146724279,0.0008394507067927583,1,30.000000000000004,4.58257569495584,1,1.,0.1,1,0.1,1.599568838336536e-15
1.690650073927376,21.066691884903936,0.029002599322836026,0.000984006409900837,0.22906255714162832,0.0005607671783206458,1,30.000000000000004,4.58257569495584,1,1.5,0.1,1,0.1,2.797807109013633e-14
2.2641167848006205,37.64222306380343,0.02901767752886621,0.000984245846341654,0.22986429083194798,0.0004210128045846335,1,30.000000000000004,4.58257569495584,1,2.,0.1,1,0.1,1.4245348375187088e-13
0.5451650800941936,2.296272586405366,0.02793277756288984,0.0009310550431269383,0.21910209089901161,0.001560480124755764,1,31.,4.624932431938871,1,0.5,0.1,1,0.1,6.992934468807655e-16
1.1195225536415954,9.550236869346568,0.028007125669231938,0.000917932605082284,0.22198589481688719,0.0007843990882521506,1,31.,4.624932431938871,1,1.,0.1,1,0.1,4.078426222454389e-15
1.6937707072129125,21.72054058368281,0.02803377183899547,0.0009169189402723244,0.22333345490456324,0.0005239282423472371,1,31.,4.624932431938871,1,1.5,0.1,1,0.1,3.714866052135882e-14
2.2679880552780456,38.806132216705805,0.02804748956082619,0.0009170466887257731,0.2240826324501285,0.000393330835332327,1,31.,4.624932431938871,1,2.,0.1,1,0.1,1.644631497822892e-13
0.5467028465502046,2.3685217192833043,0.027035077503753956,0.0008702615087803412,0.21392058410148113,0.0014617908312679665,1,32.,4.66476151587624,1,0.5,0.1,1,0.1,1.0208153344165624e-15
1.1217768921911424,9.84497818633314,0.02710257688839711,0.0008574840332258474,0.21652913291821335,0.0007345496739914771,1,32.,4.66476151587624,1,1.,0.1,1,0.1,1.0747803223234135e-15
1.6967421607877553,22.38623828853527,0.027126859174309376,0.0008563715363232721,0.21778124828393558,0.0004905776591085419,1,32.,4.66476151587624,1,1.5,0.1,1,0.1,4.5865616721111686e-14
2.271676933201265,39.991217336348654,0.027139376025760255,0.0008564090920131292,0.21848194213953676,0.00036827286553380527,1,32.,4.66476151587624,1,2.,0.1,1,0.1,1.7642395978920295e-13
0.5481658664832013,2.4421100546865766,0.026192445671135656,0.0008151385040866711,0.20887498350655698,0.0013720884204707858,1,33.,4.702127178203499,1,0.5,0.1,1,0.1,7.890748562705593e-16
1.1239279643343663,10.145365133640409,0.026253869843921536,0.0008027270552890501,0.2112303273274136,0.0006892656817815726,1,33.,4.702127178203499,1,1.,0.1,1,0.1,5.634522459788581e-15
1.6995815793448337,23.064794728147795,0.026276056334068543,0.00080154269961138,0.21239433166275407,0.0004602874243140959,1,33.,4.702127178203499,1,1.5,0.1,1,0.1,5.968622221611181e-14
2.275204941165156,41.1992772679054,0.026287508590770843,0.0008015073837831658,0.21305019607424713,0.0003455165539549254,1,33.,4.702127178203499,1,2.,0.1,1,0.1,2.3094406486729054e-13
0.5495616136387136,2.51714844008282,0.02539992839565149,0.0007650045701755042,0.20395761538572604,0.001290312725008446,1,34.,4.737087712930804,1,0.5,0.1,1,0.1,1.3529474572637035e-15
1.1259870433143995,10.451853720550323,0.025455941707502663,0.0007529706432031568,0.2060796750807824,0.0006480049682157735,1,34.,4.737087712930804,1,1.,0.1,1,0.1,5.502924388754124e-15
1.702304077147086,23.757239998017635,0.025476262324664545,0.0007517357389080049,0.20716216314195823,0.0004326932946900814,1,34.,4.737087712930804,1,1.5,0.1,1,0.1,7.084364395460517e-14
2.2785910384829617,42.43214603942149,0.02548676688368462,0.0007516415697480524,0.20777648380960095,0.0003247876430916415,1,34.,4.737087712930804,1,2.,0.1,1,0.1,4.3236326724495124e-13
0.550896734707496,2.593750750244219,0.02465314781899056,0.0007192772942012876,0.19916140011649014,0.0012155553947699978,1,35.,4.769696007084728,1,0.5,0.1,1,0.1,1.0244000491652937e-15
1.12796414955656,10.764910292237916,0.02470432307640319,0.0007076252662530834,0.20106819038121587,0.0006103035786633072,1,35.,4.769696007084728,1,1.,0.1,1,0.1,8.738673703613601e-15
1.7049230497158854,24.46462995018745,0.02472297627361672,0.0007063567040907129,0.20207513186486614,0.00040748370388387685,1,35.,4.769696007084728,1,1.5,0.1,1,0.1,1.0375558979571073e-13
2.281851974109717,43.69170971607433,0.024732634319988858,0.0007062151159609377,0.20265090210350512,0.0003058516002031454,1,35.,4.769696007084728,1,2.,0.1,1,0.1,5.140860098062612e-13
0.5521771740715586,2.672034142299816,0.023948220192965972,0.0006774565268525161,0.19447976682663592,0.0011470345008215664,1,36.00000000000001,4.800000000000001,1,0.5,0.1,1,0.1,1.6217866829486272e-15
1.1298682040520316,11.085016403416354,0.02399505394029995,0.0006661855953913233,0.1961876563348352,0.0005757626135979041,1,36.00000000000001,4.800000000000001,1,1.,0.1,1,0.1,1.2261232053504737e-14
1.7074503999725004,25.18805559334175,0.02401221188137197,0.0006648967807774992,0.19712447767964486,0.0003843908796239341,1,36.00000000000001,4.800000000000001,1,1.5,0.1,1,0.1,7.319293731920759e-14
2.285002681854455,44.979906400656816,0.024021110747532742,0.0006647170743559522,0.1976643851414268,0.0002885068807726165,1,36.00000000000001,4.800000000000001,1,2.,0.1,1,0.1,6.734062227624355e-13
0.5534082592773132,2.752120122565339,0.023281688471344864,0.000639110894775075,0.18990663719438966,0.0010840740361535049,1,37.,4.828043081829324,1,0.5,0.1,1,0.1,1.861665524952006e-15
1.1317071918041277,11.412670876266127,0.023324612829929103,0.000628216476229757,0.19143052864593274,0.0005440375636660932,1,37.,4.828043081829324,1,1.,0.1,1,0.1,1.2537455417321248e-14
1.7098968110183237,25.928641810990683,0.023340424981536836,0.0006269179972187593,0.19230213649846395,0.0003631836255458326,1,37.,4.828043081829324,1,1.5,0.1,1,0.1,1.5366006336413556e-13
2.2880564841240716,46.2987474569954,0.023348641115402986,0.0006267078313055304,0.1928086562891108,0.00027257952096794343,1,37.,4.828043081829324,1,2.,0.1,1,0.1,8.595610469550589e-13
0.5545947908696246,2.8341349075929467,0.022650464946026638,0.0006038667545773014,0.18543635733302838,0.0010260871245423627,1,38.,4.853864439804639,1,0.5,0.1,1,0.1,3.402986613776121e-15
1.1334882902937604,11.74839273297725,0.022689857651613764,0.0005933415692395735,0.1867898662824729,0.0005148296402504956,1,38.,4.853864439804639,1,1.,0.1,1,0.1,7.376708431186433e-15
1.7122718287788572,26.687565643645623,0.022704454924280096,0.0005920418290655955,0.1876007560114596,0.00034366151560577784,1,38.,4.853864439804639,1,1.5,0.1,1,0.1,2.17946758756611e-13
2.29102534264801,47.65032532320654,0.02271205487091164,0.0005918074720750361,0.18807612429035425,0.0002579187182296506,1,38.,4.853864439804639,1,2.,0.1,1,0.1,1.0651692339521718e-12
0.5557411024605593,2.9182105172006185,0.022051783501457565,0.0005713992137018111,0.18106368626224156,0.0009725623111903121,1,39.,4.877499359302879,1,0.5,0.1,1,0.1,2.509072225402315e-15
1.1352179920257937,12.092722863881498,0.022087975586011194,0.0005612340533784596,0.18225925040391927,0.0004878786654882265,1,39.,4.877499359302879,1,1.,0.1,1,0.1,2.5355657939369288e-14
1.7145840862231028,27.466053864779425,0.022101473079157257,0.0005599397046892248,0.18301355115162604,0.0003256500748458087,1,39.,4.877499359302879,1,1.5,0.1,1,0.1,2.488255979579794e-13
2.2939200472322026,49.036825535316574,0.022108515219445582,0.000559686319803854,0.18345981113370657,0.00024439322260422843,1,39.,4.877499359302879,1,2.,0.1,1,0.1,1.3308939383115202e-12
0.5568511335950315,3.0044849104803286,0.021483158282716353,0.0005414246670589159,0.17678372098460737,0.0009230521796004886,1,40.,4.898979485566356,1,0.5,0.1,1,0.1,4.25144690340857e-15
1.1369021509687338,12.446231556683022,0.02151644179258666,0.0005316090896860076,0.177832799823678,0.0004629572674137699,1,40.,4.898979485566356,1,1.,0.1,1,0.1,1.371685322847956e-14
1.716841414232848,28.265391725405518,0.021528940403863328,0.0005303253221294451,0.17853426029233876,0.0003089968499420659,1,40.,4.898979485566356,1,1.5,0.1,1,0.1,3.177570070767543e-13
2.296750391758161,50.460536372939465,0.021535476069043394,0.0005300571652439355,0.17895327749590811,0.00023188836476017036,1,40.,4.898979485566356,1,2.,0.1,1,0.1,2.222193772042871e-12
0.5579284647634007,3.0931035029977223,0.02094234955830281,0.0005136947152656589,0.17259191177551292,0.0008771640100442917,1,41.,4.918333050943175,1,0.5,0.1,1,0.1,5.5364118755034566e-15
1.1385461345885963,12.80951492346038,0.020972982145494933,0.0005042174163991827,0.17350501601591756,0.00043986598007524926,1,41.,4.918333050943175,1,1.,0.1,1,0.1,2.097963391765659e-14
1.719050933075001,29.086932977261498,0.020984571396372352,0.0005029483106808442,0.17415710933714207,0.0002935681577929658,1,41.,4.918333050943175,1,1.5,0.1,1,0.1,3.929495658804488e-13
2.299525222321099,51.92388024815293,0.02099064639564899,0.0005026689379292532,0.1745506333533029,0.00022030361805358597,1,41.,4.918333050943175,1,2.,0.1,1,0.1,2.1477964736719145e-12
0.5589763723654978,3.1842194988116503,0.02042733357635456,0.0004879910276393176,0.16848400146812637,0.0008345519140793248,1,42.00000000000001,4.935585071701227,1,0.5,0.1,1,0.1,6.9779549609907135e-15
1.1401548314525547,13.183204205242376,0.020455543764622282,0.0004788402353265282,0.1692708316348605,0.0004184292707063775,1,42.00000000000001,4.935585071701227,1,1.,0.1,1,0.1,3.9520592286024826e-14
1.7212191574258375,29.932106257149297,0.020466302988786655,0.0004775889467824156,0.16987675336214114,0.0002792463720192117,1,42.00000000000001,4.935585071701227,1,1.5,0.1,1,0.1,4.356894130693026e-13
2.3022527292394357,53.429393021855596,0.02047195751387541,0.00047730126903943034,0.17024635998813886,0.00020955052222495994,1,42.00000000000001,4.935585071701227,1,2.,0.1,1,0.1,2.4516724520999834e-12
0.5599978632394736,3.2779949459419155,0.019936277183379404,0.00046412109437728345,0.16445601035113694,0.0007949102958650686,1,43.,4.950757517794625,1,0.5,0.1,1,0.1,9.688084394553517e-15
1.141732730364795,13.567967813571796,0.01996226835612103,0.00045528483078092867,0.16512554357440817,0.00039849215792179106,1,43.,4.950757517794625,1,1.,0.1,1,0.1,4.190341703926126e-14
1.723352087128642,30.802421742151832,0.01997226790776565,0.0004540537546163514,0.16568822563443636,0.00026592765691971047,1,43.,4.950757517794625,1,1.5,0.1,1,0.1,5.646133212926832e-13
2.3049404271798206,54.97976249771608,0.019977537582629212,0.0004537601751264619,0.1660353579168577,0.00019955100393268132,1,43.,4.950757517794625,1,2.,0.1,1,0.1,4.293150899446417e-12
0.5609957062324603,3.3746018344329767,0.019467515882084646,0.0004419146572365515,0.16050421767165274,0.0007579683492384357,1,44.,4.963869458396343,1,0.5,0.1,1,0.1,1.158552342982634e-14
1.1432839896013385,13.964513277890171,0.01949146930355087,0.0004333809066954713,0.16106475435411716,0.00037991737561126585,1,44.,4.963869458396343,1,1.,0.1,1,0.1,6.390688796175057e-14
1.7254552526502263,31.699484630914913,0.019500772142512734,0.0004321718548316916,0.16158692513889666,0.00025352007610280047,1,44.,4.963869458396343,1,1.5,0.1,1,0.1,7.038460772920028e-13
2.307595182280142,56.577860836447336,0.019505689161975148,0.000431874397634675,0.16191295242544923,0.0001902359548417974,1,44.,4.963869458396343,1,2.,0.1,1,0.1,5.477397840208156e-12
0.56197246297509,3.474223065333196,0.019019534741844365,0.000421220693298004,0.15662513562446928,0.0007234854035924496,1,45.,4.9749371855331,1,0.5,0.1,1,0.1,1.0163897479009905e-14
1.1448124511415456,14.373595251026815,0.01904161266963102,0.00041297756726653916,0.15708438731288332,0.0003625830130602526,1,45.,4.9749371855331,1,1.,0.1,1,0.1,6.771645056142146e-14
1.7275337957730004,32.625001920082425,0.019050275004354546,0.00041179185662169464,0.1575685650627759,0.00024194198516102377,1,45.,4.9749371855331,1,1.5,0.1,1,0.1,8.440038721528346e-13
2.31022346049829,58.22672337254298,0.01905486793270377,0.00041149218215432966,0.1578747351170085,0.00018154399596639128,1,45.,4.9749371855331,1,2.,0.1,1,0.1,7.251976628371105e-12
0.5629305170208002,3.5770533849883637,0.0185909517702765,0.0004019048599878059,0.15281548037180243,0.0006912469754494938,1,46.,4.983974317750845,1,0.5,0.1,1,0.1,1.2079370300784556e-14
1.146321705301995,14.796017464143103,0.018611299831031675,0.00039394069781813256,0.15318062408601402,0.0003463804814005597,1,46.,4.983974317750845,1,1.,0.1,1,0.1,6.043199226139736e-14
1.7295925208304208,33.58079370996564,0.01861937208101996,0.00039277925324010093,0.15362914653475107,0.00023112067779431037,1,46.,4.983974317750845,1,1.5,0.1,1,0.1,1.042116513542732e-12
2.312831223672555,59.929609408171295,0.018623667002826253,0.0003924787702691021,0.1539166580254182,0.0001734204863160797,1,46.,4.983974317750845,1,2.,0.1,1,0.1,6.2255416501747305e-12
0.5638720883858209,3.683301173314999,0.018180503794771992,0.00038384735198658456,0.14907217754037533,0.0006610614364634376,1,47.,4.990991885387112,1,0.5,0.1,1,0.1,1.4518609640056383e-14
1.1478151230218405,15.232638160683406,0.01819925280723846,0.0003761507778883759,0.14934988540357036,0.00033121280274177697,1,47.,4.990991885387112,1,1.,0.1,1,0.1,9.355162612425291e-14
1.731635940705641,34.56880548250406,0.018206780403116685,0.00037501421356520893,0.14976493442921773,0.00022099123509820916,1,47.,4.990991885387112,1,1.5,0.1,1,0.1,1.423681000546109e-12
2.315424197993593,61.68997061362524,0.018210800288763006,0.0003747140534933824,0.15003485809593037,0.0001658166235786054,1,47.,4.990991885387112,1,2.,0.1,1,0.1,6.471433507476632e-12
0.5647992603659302,3.7931894570914744,0.01778703367732274,0.00036694104150934476,0.14539232763250376,0.0006327571340764267,1,48.00000000000001,4.995998398718719,1,0.5,0.1,1,0.1,2.1778619927172212e-14
1.1492958657266854,15.684378890438792,0.017804301738704616,0.00035950103889558367,0.14558883975745762,0.00031699316040284016,1,48.00000000000001,4.995998398718719,1,1.,0.1,1,0.1,1.337258365588698e-13
1.7336682936754158,35.591126976434765,0.01781132574569232,0.0003583897198245361,0.14597245787398122,0.00021149554987944137,1,48.00000000000001,4.995998398718719,1,1.5,0.1,1,0.1,1.43300349579668e-12
2.3180077537980477,63.51151790752686,0.01781509094222873,0.0003580907916671756,0.14622575782696268,0.00015868873263994007,1,48.00000000000001,4.995998398718719,1,2.,0.1,1,0.1,9.547043554144509e-12
0.5657139896471276,3.9069580236354695,0.017409479546113563,0.00035108991834858176,0.14177321335078263,0.000606179956133093,1,49.,4.998999899979995,1,0.5,0.1,1,0.1,2.0897376795971417e-14
1.1507669305613306,16.152228956813175,0.01742537334757141,0.00034389584922673005,0.14189435974837467,0.0003036436363022521,1,49.,4.998999899979995,1,1.,0.1,1,0.1,1.4215645405848823e-13
1.735693653564916,36.64999193726198,0.017431930543306728,0.0003428099104406852,0.14224842262146642,0.00020258146831111332,1,49.,4.998999899979995,1,1.5,0.1,1,0.1,1.8643996860982983e-12
2.3205868933725378,65.39826885485218,0.017435460367538316,0.0003425130239528583,0.14248608328749568,0.00015199763911399967,1,49.,4.998999899979995,1,2.,0.1,1,0.1,9.364575034327432e-12
0.5666181352209914,4.024864272872243,0.017046864731232337,0.00033620770983231363,0.1382122517441931,0.0005811911943298659,1,50.,5.,1,0.5,0.1,1,0.1,2.347348342137834e-14
1.1522311843899848,16.637251181373312,0.0170614809316882,0.00032924933988674195,0.13826349323027065,0.00029109413158236,1,50.,5.,1,1.,0.1,1,0.1,1.8206575369106793e-13
1.7377158680625617,37.74781476987973,0.01706760492130473,0.00032818877251383413,0.13858978133749927,0.0001942020918331637,1,50.,5.,1,1.5,0.1,1,0.1,2.12498545660794e-12
2.323166580755393,67.35449422038876,0.01707091605373816,0.00032789453896955986,0.13881264685081335,0.00014570808745688766,1,50.,5.,1,2.,0.1,1,0.1,1.2280342499904056e-11
